2023 12 12 15 16 4,./backup/2023 12 12 15 16 04/
2023 12 12 16 1 42,./backup/2023 12 12 16 01 42/
2023 12 12 16 59 20,./backup/2023 12 12 16 59 20/
2023 12 12 17 13 57,./backup/2023 12 12 17 13 57/
2023 12 12 17 16 8,./backup/2023 12 12 17 16 08/
2023 12 12 17 36 56,./backup/2023 12 12 17 36 56/
2023 12 13 22 48 3,./backup/2023 12 13 22 48 03/
2023 12 13 22 50 25,./backup/2023 12 13 22 50 25/
2023 12 13 22 57 23,./backup/2023 12 13 22 57 23/
2023 12 13 22 58 42,./backup/2023 12 13 22 58 42/
2023 12 13 23 0 50,./backup/2023 12 13 23 00 50/
2023 12 13 23 5 26,./backup/2023 12 13 23 05 26/
2023 12 13 23 11 39,./backup/2023 12 13 23 11 39/
2023 12 13 23 12 17,./backup/2023 12 13 23 12 17/
2023 12 13 23 12 35,./backup/2023 12 13 23 12 35/
2023 12 13 23 14 25,./backup/2023 12 13 23 14 25/
2023 12 13 23 15 31,./backup/2023 12 13 23 15 31/
2023 12 13 23 18 9,./backup/2023 12 13 23 18 09/
2023 12 13 23 19 11,./backup/2023 12 13 23 19 11/
2023 12 13 23 19 39,./backup/2023 12 13 23 19 39/
2023 12 13 23 20 7,./backup/2023 12 13 23 20 07/
2023 12 13 23 20 32,./backup/2023 12 13 23 20 32/
2023 12 13 23 21 51,./backup/2023 12 13 23 21 51/
